{"Ball":{"x":160,"y":39,"yD":-0.37959677403848,"xD":0.4865985090171492,"yV":-1.6047153262661824,"xV":7.837403187385885},"Bar":{"x":276,"y":400}}