{"Ball":{"x":443,"y":473,"yD":-0.11161176019420793,"xD":-0.053490077583776774,"yV":-5.65685424949238,"xV":-5.656854249492381},"Bar":{"x":171,"y":400}}